ad_clicked,avg_attention,count
1,4.015636276160693,16628
0,3.475263443021163,57223
