ad_position,avg_attention,count
top-right,3.6803872017818136,23347
top-left,3.5583518137177252,50504
